mA,mH,lambda2,lambda3
1000,400,0.257734,27.9693
1000,850,0.257734,9.41244
2000,400,0.257734,126.939
